sec_code,transaction_code,company_name,company_id,amount,transaction_type,routing_number,account_number,account_type,effective_date,entry_description,individual_name,individual_id_number,authorization_type,trace_number,prenote,odfi_routing,addenda_indicator,check_serial_number,ofac_screened,aml_flag
MTE,22,"Amazon Marketplace",AMZNMKT001,89.99,credit,031100157,6980483318,savings,2026-06-06,"AUTOLOAN","David Lee",ID646525,,031100150000001,false,021200025,0,,true,false
PPD,27,"Medical Group Partners",MEDGRP0001,12000.00,debit,111000038,1453949579,savings,2026-06-08,"MEDICAL","Olga Petrov",ID213949,PPD_WRITTEN,111000030000002,false,021300077,0,,true,false
CTX,22,"Charitable Foundation",CHARITY001,5000.00,credit,042000013,1220433025,checking,2026-06-09,"UTILITY","Olga Petrov",ID400813,CCD_SIGNED,042000010000003,false,044000037,0,,false,true
RCK,27,"Charitable Foundation",CHARITY001,45000.00,debit,021300077,5195625868,checking,2026-06-09,"SALARY","Isabel Santos",ID995821,,021300070000004,false,231372691,0,2922,true,false
RCK,27,"State Tax Authority",STATETAX01,89.99,debit,042000013,7813024858,checking,2026-06-08,"GOVTBNFT","Robert Chen",ID121219,,042000010000005,false,111000038,0,7017,true,false
RCK,27,"PayDay Advance Co",PAYDAY0001,12000.00,debit,111000038,5226697429,checking,2026-06-07,"UTILITY","Marcus Thompson",ID830134,,111000030000006,false,096017418,0,3177,true,false
IAT,22,"State Tax Authority",STATETAX01,875.25,credit,124303120,1824025273,savings,2026-06-07,"SUBSCRIP","James Wilson",ID209595,PPD_WRITTEN,124303120000007,false,044000037,0,,false,false
CCD,27,"Suburban Landlord LLC",RNTPROP001,100000.00,debit,042000013,4704631428,savings,2026-06-07,"VENDORPMT","Ahmed Hassan",ID512286,CCD_SIGNED,042000010000008,false,124303120,0,,true,false
TEL,27,"GlobalTech LLC",GTECH2024X,8500.00,debit,026009593,6136071791,checking,2026-06-09,"MORTGAGE","Christopher Davis",ID467704,TEL_VERBAL,026009590000009,false,122000247,0,,false,false
BOC,27,"AutoLoan Financial",AUTOLOAN01,6850.75,debit,044000037,2174838915,savings,2026-06-08,"TAXPMNT","Raj Sharma",ID830208,,044000030000010,false,022000020,0,8408,true,false
POP,27,"QuickShop Online",QSHOP09870,1099.00,debit,063100277,1958428314,checking,2026-06-08,"DONATION","Isabel Santos",ID920908,,063100270000011,false,111000038,0,2032,true,false
PPD,22,"University Bursar",UNIVBRS001,675.25,credit,325272021,9543789753,checking,2026-06-07,"GOVTBNFT","Michael Taylor",ID744429,PPD_WRITTEN,325272020000012,false,231372691,0,,true,false
TEL,27,"GlobalTech LLC",GTECH2024X,4200.00,debit,325272021,6971973937,checking,2026-06-07,"INTEREST","Raj Sharma",ID457752,TEL_VERBAL,325272020000013,false,084003997,0,,true,false
RCK,27,"CrossBorder Transfers",XBRDRTRF01,20000.00,debit,021000021,7973528241,checking,2026-06-07,"MEDICAL","Carlos Rodriguez",ID629075,,021000020000014,false,071000013,0,3108,true,false
TEL,27,"Amazon Marketplace",AMZNMKT001,6500.00,debit,084003997,9588802227,checking,2026-06-08,"TAXPMNT","Benjamin Clark",ID268676,TEL_VERBAL,084003990000015,false,026009593,0,,false,false
BOC,27,"CloudServices Pro",CLDSVCS001,10000.00,debit,021300077,8875302049,savings,2026-06-07,"PAYROLL","James Wilson",ID255129,,021300070000016,false,026009593,0,3670,true,false
CIE,22,"GlobalTech LLC",GTECH2024X,35000.00,credit,084003997,5072526664,checking,2026-06-08,"VENDORPMT","Robert Chen",ID590547,WEB_CLICK,084003990000017,false,021000021,0,,true,false
WEB,27,"Apex Manufacturing",APEXMFG001,1500.00,debit,021000021,5449930935,checking,2026-06-08,"TAXPMNT","Isabel Santos",ID899411,WEB_CLICK,021000020000018,false,063100277,0,,false,true
WEB,27,"Atlantic Trading Co",ATLNTRD001,9000.00,debit,021200025,5056233802,checking,2026-06-09,"AUTOLOAN","Marcus Thompson",ID530118,WEB_CLICK,021200020000019,false,063100277,0,,true,false
CCD,27,"State Tax Authority",STATETAX01,18000.00,debit,124303120,4513733135,checking,2026-06-06,"MORTGAGE","Sarah Williams",ID631784,CCD_SIGNED,124303120000020,false,022000020,0,,true,false
CCD,22,"Metro City Bank",METRO000BC,4500.00,credit,042000013,5233501404,checking,2026-06-09,"GOVTBNFT","Jane Smith",ID584092,CCD_SIGNED,042000010000021,false,325272021,0,,true,false
POS,27,"SolarPower Systems",SLRPWR0001,3299.99,debit,101000187,5263843640,checking,2026-06-09,"UTILITY","Yuki Tanaka",ID944815,WEB_CLICK,101000180000022,false,096017418,0,,true,false
CIE,22,"Food Delivery Rapid",FOODDLV001,60000.00,credit,063100277,8328291572,checking,2026-06-06,"PAYROLL","Nancy Kim",ID235642,WEB_CLICK,063100270000023,false,026009593,0,,true,false
WEB,22,"Charitable Foundation",CHARITY001,7500.00,credit,031100157,6561146590,checking,2026-06-09,"PAYROLL","Mary Johnson",ID707566,WEB_CLICK,031100150000024,false,231372691,0,,false,false
CIE,22,"State Tax Authority",STATETAX01,10000.00,credit,122000247,2012729392,checking,2026-06-09,"MEDICAL","Emma Brown",ID428590,WEB_CLICK,122000240000025,false,231372691,0,,true,false
BOC,27,"PayDay Advance Co",PAYDAY0001,50001.00,debit,042000013,4423605780,checking,2026-06-06,"TUITION","James Wilson",ID683849,,042000010000026,false,031100157,0,1899,true,false
TEL,27,"Charitable Foundation",CHARITY001,7500.00,debit,231372691,4905932460,savings,2026-06-06,"AUTOLOAN","Lisa Anderson",ID113688,TEL_VERBAL,231372690000027,false,021300077,0,,true,false
CIE,22,"QuickShop Online",QSHOP09870,5750.50,credit,111000038,5424662380,checking,2026-06-06,"UTILITY","James Wilson",ID557226,WEB_CLICK,111000030000028,false,031100157,0,,true,false
ARC,27,"TechStartup Inc",TECHST0099,20000.00,debit,021000021,3273313804,savings,2026-06-07,"INTEREST","George Harris",ID626945,,021000020000029,false,325272021,0,8845,true,false
CTX,22,"Government Benefits",GOVTBEN001,6500.00,credit,031100157,1906466648,savings,2026-06-06,"PAYROLL","Raj Sharma",ID937290,CCD_SIGNED,031100150000030,false,096017418,0,,true,false
IAT,22,"CrossBorder Transfers",XBRDRTRF01,550.00,credit,021200025,3368509109,savings,2026-06-06,"TUITION","Benjamin Clark",ID280243,PPD_WRITTEN,021200020000031,false,071000013,0,,false,false
BOC,27,"Apex Manufacturing",APEXMFG001,2199.99,debit,084003997,4784999182,checking,2026-06-07,"GOVTBNFT","Yuki Tanaka",ID440406,,084003990000032,false,101000187,0,9048,true,false
ARC,27,"Apex Manufacturing",APEXMFG001,2750.00,debit,031000053,3352779855,savings,2026-06-08,"PURCHASE","Michael Taylor",ID104653,,031000050000033,false,044000037,0,5759,true,false
IAT,27,"PayDay Advance Co",PAYDAY0001,4500.00,debit,071000013,1538083606,checking,2026-06-06,"MORTGAGE","Olga Petrov",ID451987,PPD_WRITTEN,071000010000034,false,044000037,0,,false,false
POP,27,"HealthPlus Insurance",HLTHPLUS01,200000.00,debit,021200025,1766692857,checking,2026-06-09,"VENDORPMT","Raj Sharma",ID778679,,021200020000035,false,022000020,0,4282,true,false
POP,27,"University Bursar",UNIVBRS001,22000.00,debit,231372691,8909521440,savings,2026-06-07,"SALARY","James Wilson",ID306605,,231372690000036,false,063100277,0,5877,true,false
POS,27,"National Energy Co",NATENG0001,1099.00,debit,325272021,2896194692,checking,2026-06-09,"TAXPMNT","Omar Abdullah",ID801769,WEB_CLICK,325272020000037,false,231372691,0,,true,false
WEB,22,"Medical Group Partners",MEDGRP0001,7500.00,credit,096017418,2842215542,checking,2026-06-08,"TRANSFER","Marcus Thompson",ID235983,WEB_CLICK,096017410000038,false,021200025,0,,true,false
POP,27,"Suburban Landlord LLC",RNTPROP001,8750.50,debit,122000247,3888145596,savings,2026-06-09,"INVOICEP","Ahmed Hassan",ID367519,,122000240000039,false,071000013,0,8327,true,false
ARC,27,"CrossBorder Transfers",XBRDRTRF01,875.25,debit,124303120,9680880819,checking,2026-06-07,"REFUND","Marcus Thompson",ID750585,,124303120000040,false,101000187,0,1654,true,false
MTE,27,"HealthPlus Insurance",HLTHPLUS01,35000.00,debit,042000013,8928060992,savings,2026-06-07,"INSURNCE","Sarah Williams",ID132298,,042000010000041,false,021300077,0,,true,false
WEB,27,"Medical Group Partners",MEDGRP0001,7500.00,debit,231372691,5712704750,savings,2026-06-06,"REFUND","James Wilson",ID340254,WEB_CLICK,231372690000042,false,084003997,0,,true,false
POS,27,"Acme Payroll Corp",ACMECORP01,6850.75,debit,031000053,2262846795,checking,2026-06-09,"DIVIDEND","Yuki Tanaka",ID257979,WEB_CLICK,031000050000043,false,021300077,0,,true,false
POS,27,"SolarPower Systems",SLRPWR0001,150000.00,debit,122000247,8828154736,savings,2026-06-09,"MEDICAL","Lisa Anderson",ID944938,WEB_CLICK,122000240000044,false,122000247,0,,true,false
RCK,27,"TechStartup Inc",TECHST0099,45000.00,debit,021200025,5925907364,savings,2026-06-08,"TAXPMNT","Diane Foster",ID799866,,021200020000045,false,231372691,0,2285,true,false
IAT,27,"Premium Mortgage LLC",PREMTG0001,8750.50,debit,231372691,2658422586,checking,2026-06-09,"DIVIDEND","George Harris",ID155030,PPD_WRITTEN,231372690000046,false,031100157,0,,false,false
CIE,22,"AutoLoan Financial",AUTOLOAN01,4500.00,credit,031100157,9698815500,savings,2026-06-08,"MORTGAGE","Mei-Ling Wu",ID685892,WEB_CLICK,031100150000047,false,124303120,0,,true,false
CTX,27,"Food Delivery Rapid",FOODDLV001,5000.00,debit,231372691,6175096198,checking,2026-06-07,"VENDORPMT","James Wilson",ID277274,CCD_SIGNED,231372690000048,false,124303120,0,,false,false
POS,27,"TechStartup Inc",TECHST0099,15000.00,debit,026009593,2063867974,checking,2026-06-07,"UTILITY","Ahmed Hassan",ID839011,WEB_CLICK,026009590000049,false,122000247,0,,true,false
WEB,22,"Premium Mortgage LLC",PREMTG0001,6500.00,credit,021000021,2223508393,savings,2026-06-09,"TAXPMNT","Fatima Al-Farsi",ID256756,WEB_CLICK,021000020000050,false,231372691,0,,true,false
WEB,22,"Premium Mortgage LLC",PREMTG0001,6500.00,credit,044000037,8121237009,checking,2026-06-06,"TRANSFER","Nancy Kim",ID561292,WEB_CLICK,044000030000051,false,091000022,0,,false,true
PPD,27,"Metro City Bank",METRO000BC,7250.00,debit,101000187,6021156968,checking,2026-06-08,"INVOICEP","Yuki Tanaka",ID905524,PPD_WRITTEN,101000180000052,false,084003997,0,,true,false
ARC,27,"Acme Payroll Corp",ACMECORP01,6850.75,debit,021200025,7706505279,savings,2026-06-09,"INTEREST","Omar Abdullah",ID195261,,021200020000053,false,124303120,0,4322,true,false
WEB,22,"Atlantic Trading Co",ATLNTRD001,5000.00,credit,084003997,7807623335,savings,2026-06-06,"SALARY","Diane Foster",ID980209,WEB_CLICK,084003990000054,false,084003997,0,,false,false
IAT,27,"University Bursar",UNIVBRS001,2750.00,debit,091000022,2226624946,checking,2026-06-07,"VENDORPMT","Kevin Martinez",ID539891,PPD_WRITTEN,091000020000055,false,071000013,0,,false,false
ARC,27,"CrossBorder Transfers",XBRDRTRF01,45000.00,debit,071000013,4276108811,checking,2026-06-06,"INTEREST","Samantha Brooks",ID551241,,071000010000056,false,325272021,0,4592,true,false
WEB,22,"PayDay Advance Co",PAYDAY0001,4200.00,credit,021300077,6522287866,savings,2026-06-08,"DONATION","Lisa Anderson",ID485537,WEB_CLICK,021300070000057,false,091000022,0,,false,false
POS,27,"National Energy Co",NATENG0001,125.50,debit,122000247,7555910235,checking,2026-06-07,"TUITION","Carlos Rodriguez",ID943797,WEB_CLICK,122000240000058,false,111000038,0,,true,false
POS,27,"Premium Mortgage LLC",PREMTG0001,28000.00,debit,042000013,4599709564,checking,2026-06-07,"MORTGAGE","Marcus Thompson",ID653578,WEB_CLICK,042000010000059,false,021300077,0,,true,false
MTE,22,"First National Credit",FRSTCRD001,6850.75,credit,021000021,7903895811,checking,2026-06-09,"REFUND","Lisa Anderson",ID358209,,021000020000060,false,031100157,0,,true,false
BOC,27,"AutoLoan Financial",AUTOLOAN01,675.25,debit,031100157,9696068574,checking,2026-06-09,"AUTOLOAN","Fatima Al-Farsi",ID833679,,031100150000061,false,325272021,0,3488,true,false
MTE,22,"State Tax Authority",STATETAX01,4500.00,credit,021300077,9567913546,savings,2026-06-08,"TUITION","Sarah Williams",ID967844,,021300070000062,false,026009593,0,,true,false
CTX,27,"Food Delivery Rapid",FOODDLV001,6500.00,debit,231372691,4471634449,checking,2026-06-09,"VENDORPMT","Patrick Murphy",ID175259,CCD_SIGNED,231372690000063,false,063100277,0,,true,false
IAT,22,"CrossBorder Transfers",XBRDRTRF01,4500.00,credit,084003997,2645952930,savings,2026-06-08,"RENTPMT","Olga Petrov",ID697784,PPD_WRITTEN,084003990000064,false,096017418,0,,false,false
MTE,27,"National Energy Co",NATENG0001,22000.00,debit,325272021,4967033093,checking,2026-06-06,"GOVTBNFT","Carlos Rodriguez",ID703676,,325272020000065,false,071000013,0,,true,false
CTX,27,"HealthPlus Insurance",HLTHPLUS01,7500.00,debit,021000021,2618753379,savings,2026-06-06,"INVOICEP","Isabel Santos",ID313723,CCD_SIGNED,021000020000066,false,042000013,0,,false,false
BOC,27,"PayDay Advance Co",PAYDAY0001,1800.50,debit,325272021,6782415854,checking,2026-06-08,"VENDORPMT","Carlos Rodriguez",ID783226,,325272020000067,false,071000013,0,3945,true,false
CIE,22,"Amazon Marketplace",AMZNMKT001,60000.00,credit,122000247,1116372089,savings,2026-06-08,"SUBSCRIP","Mei-Ling Wu",ID199461,WEB_CLICK,122000240000068,false,325272021,0,,true,false
TEL,27,"CloudServices Pro",CLDSVCS001,2000.00,debit,044000037,3107080293,savings,2026-06-08,"VENDORPMT","Christopher Davis",ID414161,TEL_VERBAL,044000030000069,false,022000020,0,,true,false
IAT,22,"GlobalTech LLC",GTECH2024X,125.50,credit,031000053,6285873100,checking,2026-06-08,"INTEREST","Jane Smith",ID242127,PPD_WRITTEN,031000050000070,false,111000038,0,,false,false
CIE,22,"GlobalTech LLC",GTECH2024X,1350.00,credit,026009593,9836437012,checking,2026-06-09,"INSURNCE","Claire Dubois",ID264700,WEB_CLICK,026009590000071,false,084003997,0,,true,false
CCD,22,"SolarPower Systems",SLRPWR0001,3499.99,credit,063100277,8694754741,checking,2026-06-08,"TUITION","Jane Smith",ID206080,CCD_SIGNED,063100270000072,false,101000187,0,,true,false
POP,27,"Food Delivery Rapid",FOODDLV001,20000.00,debit,124303120,7448461041,savings,2026-06-08,"TRANSFER","Christopher Davis",ID946714,,124303120000073,false,021000021,0,1787,true,false
RCK,27,"State Tax Authority",STATETAX01,75000.00,debit,021000021,3447391798,checking,2026-06-07,"PAYROLL","David Lee",ID834468,,021000020000074,false,042000013,0,9181,true,false
TEL,22,"Suburban Landlord LLC",RNTPROP001,9000.00,credit,044000037,8330324547,savings,2026-06-08,"INSURNCE","Robert Chen",ID483396,TEL_VERBAL,044000030000075,false,071000013,0,,true,false
CTX,22,"Metro City Bank",METRO000BC,8500.00,credit,071000013,7848828279,savings,2026-06-08,"INSURNCE","Patrick Murphy",ID223190,CCD_SIGNED,071000010000076,false,021200025,0,,true,false
POS,27,"Government Benefits",GOVTBEN001,2199.99,debit,031000053,8995916324,checking,2026-06-06,"REFUND","Lisa Anderson",ID999003,WEB_CLICK,031000050000077,false,044000037,0,,true,false
TEL,27,"University Bursar",UNIVBRS001,6500.00,debit,063100277,9107982063,savings,2026-06-08,"INVOICEP","Claire Dubois",ID577414,TEL_VERBAL,063100270000078,false,031000053,0,,true,false
MTE,27,"Suburban Landlord LLC",RNTPROP001,125.50,debit,111000038,2024392216,checking,2026-06-08,"TUITION","Patrick Murphy",ID340135,,111000030000079,false,084003997,0,,true,false
MTE,27,"AutoLoan Financial",AUTOLOAN01,250000.00,debit,021200025,9234552844,checking,2026-06-09,"DIVIDEND","Marcus Thompson",ID676530,,021200020000080,false,031100157,0,,true,false
ARC,27,"Metro City Bank",METRO000BC,9250.25,debit,111000038,7807805730,savings,2026-06-07,"VENDORPMT","Omar Abdullah",ID645021,,111000030000081,false,096017418,0,5576,true,false
WEB,27,"CloudServices Pro",CLDSVCS001,6500.00,debit,022000020,6719589068,checking,2026-06-09,"INVOICEP","Ahmed Hassan",ID490425,WEB_CLICK,022000020000082,false,091000022,0,,true,false
CCD,22,"Suburban Landlord LLC",RNTPROP001,3499.99,credit,031000053,4572060198,checking,2026-06-08,"INTEREST","Emma Brown",ID448788,CCD_SIGNED,031000050000083,false,111000038,0,,true,false
RCK,27,"Medical Group Partners",MEDGRP0001,4500.00,debit,021300077,2466215993,checking,2026-06-09,"DIVIDEND","George Harris",ID109979,,021300070000084,false,021300077,0,4942,true,false
MTE,27,"Medical Group Partners",MEDGRP0001,12000.00,debit,022000020,5697326165,savings,2026-06-06,"SALARY","Diane Foster",ID809554,,022000020000085,false,122000247,0,,true,false
POS,27,"National Energy Co",NATENG0001,550.00,debit,096017418,5208204932,checking,2026-06-09,"INTEREST","Raj Sharma",ID159446,WEB_CLICK,096017410000086,false,044000037,0,,true,false
ARC,27,"Apex Manufacturing",APEXMFG001,5750.50,debit,031100157,8475757902,checking,2026-06-06,"INVOICEP","Marcus Thompson",ID849662,,031100150000087,false,031000053,0,4562,true,false
POS,27,"CloudServices Pro",CLDSVCS001,28000.00,debit,031000053,4176034026,checking,2026-06-08,"PAYROLL","Michael Taylor",ID543716,WEB_CLICK,031000050000088,false,031000053,0,,true,false
CIE,22,"AutoLoan Financial",AUTOLOAN01,250000.00,credit,124303120,9890962540,checking,2026-06-08,"TUITION","Emma Brown",ID129289,WEB_CLICK,124303120000089,false,021200025,0,,true,false
ARC,27,"Apex Manufacturing",APEXMFG001,675.25,debit,044000037,8179094207,checking,2026-06-06,"SALARY","Benjamin Clark",ID555342,,044000030000090,false,124303120,0,5771,true,false
POP,27,"Amazon Marketplace",AMZNMKT001,675.25,debit,231372691,3910406279,checking,2026-06-09,"REFUND","Ahmed Hassan",ID345679,,231372690000091,false,101000187,0,3931,true,false
CIE,22,"RetailChain Inc",RTLCHN0001,20000.00,credit,021200025,7392790954,savings,2026-06-07,"SUBSCRIP","David Lee",ID489410,WEB_CLICK,021200020000092,false,096017418,0,,true,false
RCK,27,"CloudServices Pro",CLDSVCS001,299.99,debit,096017418,9867123953,checking,2026-06-08,"RENTPMT","George Harris",ID340862,,096017410000093,false,101000187,0,2846,true,false
IAT,27,"First National Credit",FRSTCRD001,2199.99,debit,022000020,2817110117,checking,2026-06-08,"GOVTBNFT","David Lee",ID428421,PPD_WRITTEN,022000020000094,false,021000021,0,,false,false
ARC,27,"Metro City Bank",METRO000BC,15000.00,debit,124303120,6272558770,savings,2026-06-07,"PURCHASE","Yuki Tanaka",ID320521,,124303120000095,false,231372691,0,4293,true,false
ARC,27,"GlobalTech LLC",GTECH2024X,3299.99,debit,022000020,3754871899,checking,2026-06-09,"AUTOLOAN","Yuki Tanaka",ID910595,,022000020000096,false,022000020,0,2104,true,false
MTE,27,"HealthPlus Insurance",HLTHPLUS01,1350.00,debit,026009593,3646364215,savings,2026-06-09,"GOVTBNFT","Isabel Santos",ID329315,,026009590000097,false,026009593,0,,true,false
ARC,27,"CloudServices Pro",CLDSVCS001,20000.00,debit,124303120,5189772547,savings,2026-06-06,"PAYROLL","Michael Taylor",ID887110,,124303120000098,false,021200025,0,6858,true,false
POP,27,"GlobalTech LLC",GTECH2024X,8750.50,debit,124303120,8679187317,checking,2026-06-09,"PAYROLL","Kevin Martinez",ID924624,,124303120000099,false,111000038,0,4753,true,false
ARC,27,"Apex Manufacturing",APEXMFG001,35000.00,debit,031000053,4398057350,checking,2026-06-08,"GOVTBNFT","Christopher Davis",ID623153,,031000050000100,false,071000013,0,9664,true,false
MTE,27,"RetailChain Inc",RTLCHN0001,125.50,debit,031000053,5318915881,checking,2026-06-09,"SALARY","Marcus Thompson",ID774242,,031000050000101,false,063100277,0,,true,false
TEL,27,"Amazon Marketplace",AMZNMKT001,2000.00,debit,021300077,6900539458,savings,2026-06-08,"TRANSFER","Carlos Rodriguez",ID288766,TEL_VERBAL,021300070000102,false,084003997,0,,true,false
IAT,22,"State Tax Authority",STATETAX01,125.50,credit,101000187,4138945370,checking,2026-06-09,"TAXPMNT","Ahmed Hassan",ID766299,PPD_WRITTEN,101000180000103,false,031100157,0,,false,false
RCK,27,"Acme Payroll Corp",ACMECORP01,150000.00,debit,031100157,9175093194,checking,2026-06-09,"MORTGAGE","Alexandra Ross",ID100736,,031100150000104,false,101000187,0,8101,true,false
TEL,22,"CrossBorder Transfers",XBRDRTRF01,1500.00,credit,021300077,1111781738,checking,2026-06-09,"SALARY","David Lee",ID346989,TEL_VERBAL,021300070000105,false,031000053,0,,false,true
POP,27,"AutoLoan Financial",AUTOLOAN01,22000.00,debit,122000247,2855591863,savings,2026-06-07,"PURCHASE","Nancy Kim",ID746601,,122000240000106,false,031100157,0,5293,true,false
POS,27,"RetailChain Inc",RTLCHN0001,875.25,debit,096017418,2596431555,checking,2026-06-09,"GOVTBNFT","Christopher Davis",ID270203,WEB_CLICK,096017410000107,false,071000013,0,,true,false
CTX,27,"Medical Group Partners",MEDGRP0001,4000.00,debit,021300077,8570136533,savings,2026-06-08,"TRANSFER","Jane Smith",ID644200,CCD_SIGNED,021300070000108,false,084003997,0,,false,false
IAT,27,"Government Benefits",GOVTBEN001,8750.50,debit,063100277,5428733640,checking,2026-06-06,"SUBSCRIP","Benjamin Clark",ID975212,PPD_WRITTEN,063100270000109,false,231372691,0,,false,false
CCD,27,"Acme Payroll Corp",ACMECORP01,150000.00,debit,325272021,6830361253,savings,2026-06-07,"TUITION","Kevin Martinez",ID586226,CCD_SIGNED,325272020000110,false,063100277,0,,true,false
WEB,27,"CloudServices Pro",CLDSVCS001,3000.00,debit,091000022,4650190505,savings,2026-06-08,"AUTOLOAN","Mary Johnson",ID204582,WEB_CLICK,091000020000111,false,031000053,0,,false,true
ARC,27,"CrossBorder Transfers",XBRDRTRF01,89.99,debit,231372691,9207736589,checking,2026-06-06,"UTILITY","Diane Foster",ID602844,,231372690000112,false,111000038,0,6511,true,false
POS,27,"CloudServices Pro",CLDSVCS001,2199.99,debit,084003997,3662685867,checking,2026-06-09,"SALARY","David Lee",ID514020,WEB_CLICK,084003990000113,false,122000247,0,,true,false
WEB,27,"QuickShop Online",QSHOP09870,3000.00,debit,122000247,1110354986,savings,2026-06-07,"SALARY","Olga Petrov",ID290221,WEB_CLICK,122000240000114,false,231372691,0,,false,true
TEL,22,"Suburban Landlord LLC",RNTPROP001,7500.00,credit,021300077,7854492548,checking,2026-06-08,"GOVTBNFT","Sarah Williams",ID942861,TEL_VERBAL,021300070000115,false,044000037,0,,true,false
POP,27,"Acme Payroll Corp",ACMECORP01,3299.99,debit,021300077,1190026092,checking,2026-06-08,"PAYROLL","Christopher Davis",ID150371,,021300070000116,false,111000038,0,2578,true,false
RCK,27,"CrossBorder Transfers",XBRDRTRF01,299.99,debit,031000053,4682908341,checking,2026-06-06,"TRANSFER","Alexandra Ross",ID443872,,031000050000117,false,096017418,0,4692,true,false
PPD,22,"Acme Payroll Corp",ACMECORP01,12000.00,credit,096017418,9314037959,checking,2026-06-08,"TUITION","Kevin Martinez",ID622951,PPD_WRITTEN,096017410000118,false,111000038,0,,true,false
POS,27,"GlobalTech LLC",GTECH2024X,75000.00,debit,021200025,6246791391,checking,2026-06-07,"MORTGAGE","Emma Brown",ID769911,WEB_CLICK,021200020000119,false,044000037,0,,true,false
TEL,27,"Medical Group Partners",MEDGRP0001,3000.00,debit,021200025,8973375605,checking,2026-06-07,"DONATION","Ahmed Hassan",ID841614,TEL_VERBAL,021200020000120,false,021300077,0,,true,false
CTX,27,"Government Benefits",GOVTBEN001,8500.00,debit,124303120,6702306973,checking,2026-06-08,"MEDICAL","Claire Dubois",ID369713,CCD_SIGNED,124303120000121,false,325272021,0,,true,false
PPD,27,"Amazon Marketplace",AMZNMKT001,2199.99,debit,044000037,3980531213,savings,2026-06-08,"INSURNCE","Patrick Murphy",ID463669,PPD_WRITTEN,044000030000122,false,021200025,0,,true,false
MTE,22,"Food Delivery Rapid",FOODDLV001,299.99,credit,111000038,6618691185,checking,2026-06-08,"DIVIDEND","Carlos Rodriguez",ID476695,,111000030000123,false,026009593,0,,true,false
BOC,27,"AutoLoan Financial",AUTOLOAN01,6850.75,debit,111000038,7057580098,checking,2026-06-09,"TRANSFER","Kevin Martinez",ID824279,,111000030000124,false,111000038,0,5580,true,false
POP,27,"Food Delivery Rapid",FOODDLV001,85000.00,debit,084003997,2125462112,checking,2026-06-08,"VENDORPMT","Jane Smith",ID714055,,084003990000125,false,031000053,0,2929,true,false
CTX,22,"CloudServices Pro",CLDSVCS001,8500.00,credit,063100277,7581998718,savings,2026-06-06,"VENDORPMT","Mei-Ling Wu",ID232272,CCD_SIGNED,063100270000126,false,084003997,0,,false,false
WEB,22,"Government Benefits",GOVTBEN001,2000.00,credit,122000247,8746411901,savings,2026-06-07,"SALARY","Michael Taylor",ID804903,WEB_CLICK,122000240000127,false,122000247,0,,true,false
CIE,22,"Metro City Bank",METRO000BC,250000.00,credit,021300077,1594563800,checking,2026-06-07,"SUBSCRIP","Isabel Santos",ID936638,WEB_CLICK,021300070000128,false,031000053,0,,true,false
TEL,27,"Apex Manufacturing",APEXMFG001,3000.00,debit,031000053,1264890806,checking,2026-06-06,"INSURNCE","Priya Patel",ID586509,TEL_VERBAL,031000050000129,false,091000022,0,,false,false
IAT,22,"Suburban Landlord LLC",RNTPROP001,299.99,credit,084003997,1047320940,checking,2026-06-08,"VENDORPMT","Raj Sharma",ID756674,PPD_WRITTEN,084003990000130,false,084003997,0,,false,false
PPD,22,"QuickShop Online",QSHOP09870,100000.00,credit,021300077,5663127348,checking,2026-06-07,"MORTGAGE","Kevin Martinez",ID374918,PPD_WRITTEN,021300070000131,false,231372691,0,,true,false
MTE,27,"Premium Mortgage LLC",PREMTG0001,6850.75,debit,044000037,5717011795,checking,2026-06-09,"MEDICAL","Marcus Thompson",ID896531,,044000030000132,false,031100157,0,,true,false
IAT,27,"TechStartup Inc",TECHST0099,1099.00,debit,021200025,1176347671,savings,2026-06-07,"GOVTBNFT","Samantha Brooks",ID326487,PPD_WRITTEN,021200020000133,false,325272021,0,,false,false
MTE,27,"GlobalTech LLC",GTECH2024X,28000.00,debit,084003997,8034841800,checking,2026-06-07,"DIVIDEND","David Lee",ID121348,,084003990000134,false,021000021,0,,true,false
WEB,27,"CloudServices Pro",CLDSVCS001,4000.00,debit,042000013,2868644174,checking,2026-06-09,"REFUND","David Lee",ID450630,WEB_CLICK,042000010000135,false,096017418,0,,false,true
IAT,27,"Suburban Landlord LLC",RNTPROP001,6850.75,debit,026009593,2407948340,checking,2026-06-09,"REFUND","Mary Johnson",ID208097,PPD_WRITTEN,026009590000136,false,031100157,0,,false,false
RCK,27,"University Bursar",UNIVBRS001,550.00,debit,101000187,5001620524,savings,2026-06-09,"MEDICAL","Fatima Al-Farsi",ID630078,,101000180000137,false,122000247,0,3744,true,false
CCD,27,"Premium Mortgage LLC",PREMTG0001,28000.00,debit,031100157,9895785998,checking,2026-06-07,"PAYROLL","Claire Dubois",ID880909,CCD_SIGNED,031100150000138,false,063100277,0,,true,false
CTX,22,"CrossBorder Transfers",XBRDRTRF01,5000.00,credit,021000021,4591487451,savings,2026-06-08,"MORTGAGE","David Lee",ID955447,CCD_SIGNED,021000020000139,false,231372691,0,,true,false
POS,27,"Apex Manufacturing",APEXMFG001,150000.00,debit,096017418,2643737202,checking,2026-06-08,"MEDICAL","Diane Foster",ID519174,WEB_CLICK,096017410000140,false,026009593,0,,true,false
CTX,22,"Acme Payroll Corp",ACMECORP01,7500.00,credit,101000187,2319347017,checking,2026-06-06,"INSURNCE","Carlos Rodriguez",ID810641,CCD_SIGNED,101000180000141,false,031000053,0,,false,false
IAT,22,"Food Delivery Rapid",FOODDLV001,4500.00,credit,042000013,9754564230,checking,2026-06-07,"GOVTBNFT","Lisa Anderson",ID360173,PPD_WRITTEN,042000010000142,false,101000187,0,,false,false
RCK,27,"Medical Group Partners",MEDGRP0001,7250.00,debit,022000020,6029858103,checking,2026-06-07,"INTEREST","Raj Sharma",ID433625,,022000020000143,false,111000038,0,4298,true,false
CIE,22,"Medical Group Partners",MEDGRP0001,89.99,credit,022000020,2894952210,savings,2026-06-08,"PURCHASE","Mary Johnson",ID584386,WEB_CLICK,022000020000144,false,031100157,0,,true,false
CCD,22,"Medical Group Partners",MEDGRP0001,28000.00,credit,022000020,1843837122,savings,2026-06-09,"MEDICAL","Diane Foster",ID276766,CCD_SIGNED,022000020000145,false,031000053,0,,true,false
CCD,22,"University Bursar",UNIVBRS001,60000.00,credit,021200025,7277748831,savings,2026-06-08,"RENTPMT","George Harris",ID863921,CCD_SIGNED,021200020000146,false,111000038,0,,true,false
POS,27,"SolarPower Systems",SLRPWR0001,875.25,debit,071000013,8582671695,checking,2026-06-08,"INSURNCE","Priya Patel",ID512842,WEB_CLICK,071000010000147,false,084003997,0,,true,false
IAT,27,"Apex Manufacturing",APEXMFG001,1099.00,debit,021200025,4548609839,savings,2026-06-06,"INTEREST","Lisa Anderson",ID105371,PPD_WRITTEN,021200020000148,false,231372691,0,,false,false
MTE,22,"HealthPlus Insurance",HLTHPLUS01,28000.00,credit,044000037,2106833205,checking,2026-06-08,"SUBSCRIP","Benjamin Clark",ID823073,,044000030000149,false,021300077,0,,true,false
CTX,22,"Atlantic Trading Co",ATLNTRD001,1500.00,credit,124303120,2406823364,checking,2026-06-09,"SUBSCRIP","Priya Patel",ID551532,CCD_SIGNED,124303120000150,false,031100157,0,,true,false
IAT,27,"PayDay Advance Co",PAYDAY0001,8750.50,debit,031000053,9174891620,checking,2026-06-07,"INSURNCE","Mary Johnson",ID744858,PPD_WRITTEN,031000050000151,false,031000053,0,,false,false
MTE,27,"Suburban Landlord LLC",RNTPROP001,2750.00,debit,021000021,7960472378,checking,2026-06-08,"INVOICEP","Ahmed Hassan",ID611369,,021000020000152,false,044000037,0,,true,false
POS,27,"TechStartup Inc",TECHST0099,2750.00,debit,021000021,2970011983,savings,2026-06-07,"INSURNCE","Kevin Martinez",ID669360,WEB_CLICK,021000020000153,false,096017418,0,,true,false
TEL,22,"HealthPlus Insurance",HLTHPLUS01,9000.00,credit,026009593,3168623107,checking,2026-06-06,"UTILITY","Isabel Santos",ID797536,TEL_VERBAL,026009590000154,false,031100157,0,,true,false
POP,27,"AutoLoan Financial",AUTOLOAN01,28000.00,debit,231372691,6116420805,checking,2026-06-06,"TAXPMNT","Robert Chen",ID288344,,231372690000155,false,071000013,0,4984,true,false
CIE,22,"Suburban Landlord LLC",RNTPROP001,2750.00,credit,091000022,3106583876,checking,2026-06-08,"DONATION","Fatima Al-Farsi",ID229944,WEB_CLICK,091000020000156,false,031000053,0,,true,false
BOC,27,"SolarPower Systems",SLRPWR0001,12000.00,debit,021200025,7896374413,savings,2026-06-07,"INVOICEP","Diane Foster",ID807582,,021200020000157,false,021000021,0,8668,true,false
PPD,22,"First National Credit",FRSTCRD001,60000.00,credit,071000013,8705657577,savings,2026-06-06,"INSURNCE","Priya Patel",ID565145,PPD_WRITTEN,071000010000158,false,026009593,0,,true,false
RCK,27,"Suburban Landlord LLC",RNTPROP001,18000.00,debit,021300077,6127553760,savings,2026-06-06,"VENDORPMT","Yuki Tanaka",ID853394,,021300070000159,false,021000021,0,2983,true,false
POP,27,"RetailChain Inc",RTLCHN0001,22000.00,debit,021000021,6013479635,checking,2026-06-07,"VENDORPMT","Robert Chen",ID865802,,021000020000160,false,122000247,0,8973,true,false
CCD,22,"CrossBorder Transfers",XBRDRTRF01,3299.99,credit,042000013,3889187040,checking,2026-06-07,"MORTGAGE","Alexandra Ross",ID691390,CCD_SIGNED,042000010000161,false,231372691,0,,true,false
WEB,22,"University Bursar",UNIVBRS001,2000.00,credit,071000013,8364241075,savings,2026-06-07,"DIVIDEND","Ahmed Hassan",ID537511,WEB_CLICK,071000010000162,false,021300077,0,,false,false
IAT,27,"PayDay Advance Co",PAYDAY0001,3299.99,debit,042000013,7579847842,checking,2026-06-06,"DIVIDEND","George Harris",ID113174,PPD_WRITTEN,042000010000163,false,021000021,0,,false,false
WEB,22,"GlobalTech LLC",GTECH2024X,8500.00,credit,071000013,4506776893,savings,2026-06-06,"TUITION","Ahmed Hassan",ID578724,WEB_CLICK,071000010000164,false,122000247,0,,true,false
RCK,27,"PayDay Advance Co",PAYDAY0001,125.50,debit,044000037,4545145515,checking,2026-06-06,"PURCHASE","Diane Foster",ID511059,,044000030000165,false,124303120,0,1473,true,false
IAT,27,"National Energy Co",NATENG0001,550.00,debit,091000022,2423953004,checking,2026-06-07,"SALARY","Olga Petrov",ID337226,PPD_WRITTEN,091000020000166,false,071000013,0,,false,false
CIE,22,"Medical Group Partners",MEDGRP0001,3499.99,credit,071000013,5704064501,checking,2026-06-06,"INVOICEP","Alexandra Ross",ID350458,WEB_CLICK,071000010000167,false,122000247,0,,true,false
PPD,22,"Food Delivery Rapid",FOODDLV001,12000.00,credit,111000038,5938445207,checking,2026-06-07,"PAYROLL","Claire Dubois",ID656002,PPD_WRITTEN,111000030000168,false,063100277,0,,true,false
PPD,27,"QuickShop Online",QSHOP09870,3499.99,debit,101000187,9496718057,savings,2026-06-06,"PURCHASE","Emma Brown",ID350276,PPD_WRITTEN,101000180000169,false,021300077,0,,true,false
WEB,22,"Amazon Marketplace",AMZNMKT001,4200.00,credit,022000020,1874308943,savings,2026-06-07,"INSURNCE","Carlos Rodriguez",ID523155,WEB_CLICK,022000020000170,false,063100277,0,,true,false
CTX,22,"Amazon Marketplace",AMZNMKT001,3000.00,credit,042000013,7150999185,savings,2026-06-09,"MORTGAGE","Marcus Thompson",ID288811,CCD_SIGNED,042000010000171,false,031000053,0,,false,true
RCK,27,"AutoLoan Financial",AUTOLOAN01,299.99,debit,042000013,6921744275,checking,2026-06-08,"AUTOLOAN","Yuki Tanaka",ID418614,,042000010000172,false,071000013,0,3422,true,false
TEL,22,"Charitable Foundation",CHARITY001,9000.00,credit,026009593,4290733514,checking,2026-06-08,"MORTGAGE","Benjamin Clark",ID601048,TEL_VERBAL,026009590000173,false,122000247,0,,true,false
PPD,22,"Amazon Marketplace",AMZNMKT001,6850.75,credit,021300077,9963982499,checking,2026-06-09,"MEDICAL","Jane Smith",ID273073,PPD_WRITTEN,021300070000174,false,042000013,0,,true,false
POP,27,"State Tax Authority",STATETAX01,125.50,debit,122000247,8849702725,checking,2026-06-06,"INVOICEP","Lisa Anderson",ID274499,,122000240000175,false,111000038,0,8523,true,false
RCK,27,"PayDay Advance Co",PAYDAY0001,99999.00,debit,022000020,3728611008,checking,2026-06-09,"PURCHASE","Patrick Murphy",ID695213,,022000020000176,false,071000013,0,2682,true,false
POP,27,"Government Benefits",GOVTBEN001,5750.50,debit,096017418,4953813039,savings,2026-06-09,"TAXPMNT","Priya Patel",ID773048,,096017410000177,false,325272021,0,1765,true,false
BOC,27,"PayDay Advance Co",PAYDAY0001,2199.99,debit,091000022,2490963055,checking,2026-06-09,"SUBSCRIP","David Lee",ID158512,,091000020000178,false,084003997,0,4961,true,false
WEB,22,"QuickShop Online",QSHOP09870,9000.00,credit,031100157,7413155880,checking,2026-06-06,"DONATION","Raj Sharma",ID678011,WEB_CLICK,031100150000179,false,042000013,0,,true,false
WEB,27,"Premium Mortgage LLC",PREMTG0001,2000.00,debit,021000021,6475213634,checking,2026-06-07,"INVOICEP","Benjamin Clark",ID911824,WEB_CLICK,021000020000180,false,021300077,0,,false,true
IAT,27,"Metro City Bank",METRO000BC,3299.99,debit,063100277,2249720425,checking,2026-06-08,"MEDICAL","Emma Brown",ID142855,PPD_WRITTEN,063100270000181,false,084003997,0,,false,false
CTX,22,"CloudServices Pro",CLDSVCS001,9000.00,credit,022000020,8352148638,checking,2026-06-09,"DIVIDEND","Mary Johnson",ID678888,CCD_SIGNED,022000020000182,false,021200025,0,,true,false
POP,27,"National Energy Co",NATENG0001,3499.99,debit,063100277,8838476421,savings,2026-06-07,"AUTOLOAN","James Wilson",ID811280,,063100270000183,false,084003997,0,6417,true,false
MTE,27,"Amazon Marketplace",AMZNMKT001,675.25,debit,122000247,9631533834,checking,2026-06-07,"PURCHASE","David Lee",ID550073,,122000240000184,false,096017418,0,,true,false
CTX,27,"National Energy Co",NATENG0001,4200.00,debit,021300077,3794507782,checking,2026-06-06,"TUITION","Marcus Thompson",ID493372,CCD_SIGNED,021300070000185,false,044000037,0,,true,false
RCK,27,"AutoLoan Financial",AUTOLOAN01,675.25,debit,026009593,6345798735,checking,2026-06-09,"TRANSFER","Benjamin Clark",ID513249,,026009590000186,false,101000187,0,4474,true,false
IAT,27,"Suburban Landlord LLC",RNTPROP001,9250.25,debit,091000022,3674828546,checking,2026-06-06,"DIVIDEND","Lisa Anderson",ID835168,PPD_WRITTEN,091000020000187,false,231372691,0,,false,false
CIE,22,"Premium Mortgage LLC",PREMTG0001,299.99,credit,111000038,4341555338,checking,2026-06-09,"RENTPMT","Isabel Santos",ID791091,WEB_CLICK,111000030000188,false,031100157,0,,true,false
TEL,27,"Premium Mortgage LLC",PREMTG0001,4200.00,debit,084003997,8082257563,checking,2026-06-09,"SALARY","Priya Patel",ID576031,TEL_VERBAL,084003990000189,false,044000037,0,,false,false
IAT,22,"CloudServices Pro",CLDSVCS001,8750.50,credit,021000021,9137553784,checking,2026-06-07,"VENDORPMT","Omar Abdullah",ID984512,PPD_WRITTEN,021000020000190,false,031100157,0,,false,false
POP,27,"Apex Manufacturing",APEXMFG001,50001.00,debit,122000247,4763298436,checking,2026-06-07,"UTILITY","Olga Petrov",ID153798,,122000240000191,false,044000037,0,3100,true,false
WEB,27,"PayDay Advance Co",PAYDAY0001,8500.00,debit,071000013,8922877317,checking,2026-06-08,"INTEREST","Raj Sharma",ID287363,WEB_CLICK,071000010000192,false,044000037,0,,true,false
IAT,22,"Food Delivery Rapid",FOODDLV001,875.25,credit,071000013,9379471867,checking,2026-06-08,"AUTOLOAN","Raj Sharma",ID898689,PPD_WRITTEN,071000010000193,false,096017418,0,,false,false
WEB,27,"Apex Manufacturing",APEXMFG001,7500.00,debit,026009593,3300432138,checking,2026-06-09,"PAYROLL","Fatima Al-Farsi",ID707629,WEB_CLICK,026009590000194,false,031100157,0,,true,false
POS,27,"AutoLoan Financial",AUTOLOAN01,45000.00,debit,022000020,8767817672,savings,2026-06-08,"REFUND","Olga Petrov",ID774273,WEB_CLICK,022000020000195,false,325272021,0,,true,false
IAT,27,"CrossBorder Transfers",XBRDRTRF01,2199.99,debit,091000022,5509644394,savings,2026-06-08,"TUITION","George Harris",ID958825,PPD_WRITTEN,091000020000196,false,022000020,0,,false,false
RCK,27,"Amazon Marketplace",AMZNMKT001,85000.00,debit,096017418,6580963439,checking,2026-06-07,"RENTPMT","Claire Dubois",ID802009,,096017410000197,false,071000013,0,6987,true,false
BOC,27,"HealthPlus Insurance",HLTHPLUS01,25000.00,debit,021300077,2746950718,checking,2026-06-06,"TUITION","Alexandra Ross",ID704159,,021300070000198,false,031100157,0,5935,true,false
CTX,27,"SolarPower Systems",SLRPWR0001,9000.00,debit,021200025,2264276554,savings,2026-06-06,"SALARY","Marcus Thompson",ID599822,CCD_SIGNED,021200020000199,false,021300077,0,,true,false
RCK,27,"GlobalTech LLC",GTECH2024X,22000.00,debit,022000020,7914456402,savings,2026-06-08,"UTILITY","Diane Foster",ID279327,,022000020000200,false,044000037,0,5976,true,false